INSERT INTO `g_shop`.`category` (`id`, `name`) VALUES ('1', 'Electric Guitars');
INSERT INTO `g_shop`.`product`(`id`, `name`, `price`, `capacity`, `quantity`, `category_id`) VALUES ('1', 'SG', '2000', '1', '5', '1');
INSERT INTO `g_shop`.`product`(`id`, `name`, `price`, `capacity`, `quantity`, `category_id`) VALUES ('2', 'Classic', '1500', '1', '5', '1');
INSERT INTO `g_shop`.`product`(`id`, `name`, `price`, `capacity`, `quantity`, `category_id`) VALUES ('3', 'Studio', '2000', '1', '5', '1');
INSERT INTO `g_shop`.`product`(`id`, `name`, `price`, `capacity`, `quantity`, `category_id`) VALUES ('4', 'Jaguar', '1000', '1', '5', '1');
INSERT INTO `g_shop`.`product`(`id`, `name`, `price`, `capacity`, `quantity`, `category_id`) VALUES ('5', 'Mustang', '2000', '1', '5', '1');
INSERT INTO `g_shop`.`product`(`id`, `name`, `price`, `capacity`, `quantity`, `category_id`) VALUES ('6', 'Telecaster', '2500', '1', '5', '1');
INSERT INTO `g_shop`.`product`(`id`, `name`, `price`, `capacity`, `quantity`, `category_id`) VALUES ('7', 'SE', '1000', '1', '5', '1');
INSERT INTO `g_shop`.`product`(`id`, `name`, `price`, `capacity`, `quantity`, `category_id`) VALUES ('8', 'TL', '1000', '1', '5', '1');
INSERT INTO `g_shop`.`product`(`id`, `name`, `price`, `capacity`, `quantity`, `category_id`) VALUES ('9', 'JM', '1000', '1', '5', '1');
INSERT INTO `g_shop`.`product_details` (`id`, `brand`, `color`, `weight`) VALUES ('1', 'GIBSON', 'BLACK', '4');
INSERT INTO `g_shop`.`product_details` (`id`, `brand`, `color`, `weight`) VALUES ('2', 'GIBSON', 'RED', '4');
INSERT INTO `g_shop`.`product_details` (`id`, `brand`, `color`, `weight`) VALUES ('3', 'GIBSON', 'SUNBURST', '4');
INSERT INTO `g_shop`.`product_details` (`id`, `brand`, `color`, `weight`) VALUES ('4', 'FENDER', 'BLACK', '4');
INSERT INTO `g_shop`.`product_details` (`id`, `brand`, `color`, `weight`) VALUES ('5', 'FENDER', 'RED', '4');
INSERT INTO `g_shop`.`product_details` (`id`, `brand`, `color`, `weight`) VALUES ('6', 'FENDER', 'SUNBURST', '4');
INSERT INTO `g_shop`.`product_details` (`id`, `brand`, `color`, `weight`) VALUES ('7', 'GRECO', 'BLACK', '4');
INSERT INTO `g_shop`.`product_details` (`id`, `brand`, `color`, `weight`) VALUES ('8', 'GRECO', 'RED', '4');
INSERT INTO `g_shop`.`product_details` (`id`, `brand`, `color`, `weight`) VALUES ('9', 'GRECO', 'SUNBURST', '4');
INSERT INTO `g_shop`.`role` (`id`, `name`) VALUES ('1', 'Administrator');
INSERT INTO `g_shop`.`role` (`id`, `name`) VALUES ('2', 'User');
INSERT INTO `g_shop`.`user` (`id`, `name`, `last_name`, `birthday`, `email`, `password`, `role_id`) VALUES ('1', 'Danil', 'Khazhainov', '1992-04-12', 'danil.khazhainov@gmail.com', 'Password', '1');
INSERT INTO `g_shop`.`user` (`id`, `name`, `last_name`, `birthday`, `email`, `password`, `role_id`) VALUES ('2', 'Ivan', 'Ivanov', '1991-01-01', 'ivan.ivanov@gmail.com', 'Password', '2');
INSERT INTO `g_shop`.`user` (`id`, `name`, `last_name`, `birthday`, `email`, `password`, `role_id`) VALUES ('3', 'Petr', 'Petrov', '1990-01-01', 'petr.petrov@gmail.com', 'Password', '2');
INSERT INTO `g_shop`.`user` (`id`, `name`, `last_name`, `birthday`, `email`, `password`, `role_id`) VALUES ('4', 'Semen', 'Semenov', '1997-05-16', 'semen.semenov@gmail.com', 'Password', '2');
INSERT INTO `g_shop`.`user` (`id`, `name`, `last_name`, `birthday`, `email`, `password`, `role_id`) VALUES ('5', 'Oleg', 'Sokolov', '1985-01-02', 'oleg.sokolov@gmail.com', 'Password', '2');
INSERT INTO `g_shop`.`user` (`id`, `name`, `last_name`, `birthday`, `email`, `password`, `role_id`) VALUES ('6', 'Katya', 'Popova', '1986-02-03', 'katya.popova@gmail.com', 'Password', '2');
INSERT INTO `g_shop`.`user` (`id`, `name`, `last_name`, `birthday`, `email`, `password`, `role_id`) VALUES ('7', 'Inna', 'Lebedeva', '1987-03-04', 'inna.lebedeva@gmail.com', 'Password', '2');
INSERT INTO `g_shop`.`user` (`id`, `name`, `last_name`, `birthday`, `email`, `password`, `role_id`) VALUES ('8', 'Tanya', 'Kozlova', '1988-04-05', 'tanya.kozlova@gmail.com', 'Password', '2');
INSERT INTO `g_shop`.`user` (`id`, `name`, `last_name`, `birthday`, `email`, `password`, `role_id`) VALUES ('9', 'Sofia', 'Nikitina', '1989-05-06', 'sofia.nikitina@gmail.com', 'Password', '2');
INSERT INTO `g_shop`.`user` (`id`, `name`, `last_name`, `birthday`, `email`, `password`, `role_id`) VALUES ('10', 'Timur', 'Orlov', '1990-06-07', 'timur.orlov@gmail.com', 'Password', '2');
INSERT INTO `g_shop`.`user` (`id`, `name`, `last_name`, `birthday`, `email`, `password`, `role_id`) VALUES ('11', 'Bogdan', 'Zakharov', '1991-07-08', 'bogdan.zakharov@gmail.com', 'Password', '2');
INSERT INTO `g_shop`.`user` (`id`, `name`, `last_name`, `birthday`, `email`, `password`, `role_id`) VALUES ('12', 'Aleksander', 'Volkov', '1992-08-09', 'aleksander.volkov@gmail.com', 'Password', '2');
INSERT INTO `g_shop`.`user` (`id`, `name`, `last_name`, `birthday`, `email`, `password`, `role_id`) VALUES ('13', 'Anastasia', 'Novikova', '1992-09-10', 'anastasia.novikova@gmail.com', 'Password', '2');
INSERT INTO `g_shop`.`user` (`id`, `name`, `last_name`, `birthday`, `email`, `password`, `role_id`) VALUES ('14', 'Aleksey', 'Pavlov', '1993-10-11', 'aleksey.pavlov@gmail.com', 'Password', '2');
INSERT INTO `g_shop`.`user` (`id`, `name`, `last_name`, `birthday`, `email`, `password`, `role_id`) VALUES ('15', 'Pavel', 'Popov', '1994-12-12', 'pavel.popov@gmail.com', 'Password', '2');
INSERT INTO `g_shop`.`address` (`id`, `country`, `city`, `post_index`, `street`, `house`, `apartment`, `user_id`) VALUES ('1', 'Russia', 'Saint-Petersburg', '191119', 'Ligovsky prospekt', '123', '138', '1');
INSERT INTO `g_shop`.`address` (`id`, `country`, `city`, `post_index`, `street`, `house`, `apartment`, `user_id`) VALUES ('2', 'Russia', 'Saint-Petersburg', '191119', 'Nevsky prospekt', '25', '1', '2');
INSERT INTO `g_shop`.`address` (`id`, `country`, `city`, `post_index`, `street`, `house`, `apartment`, `user_id`) VALUES ('3', 'Russia', 'Saint-Petersburg', '191119', 'Nevsky prospekt', '51', '32', '3');
INSERT INTO `g_shop`.`address` (`id`, `country`, `city`, `post_index`, `street`, `house`, `apartment`, `user_id`) VALUES ('4', 'Russia', 'Saint-Petersburg', '191119', 'Nevsky prospekt', '123', '56', '4');
INSERT INTO `g_shop`.`address` (`id`, `country`, `city`, `post_index`, `street`, `house`, `apartment`, `user_id`) VALUES ('5', 'Russia', 'Moscow', '125468', 'Lenina', '557', '52', '5');
INSERT INTO `g_shop`.`address` (`id`, `country`, `city`, `post_index`, `street`, `house`, `apartment`, `user_id`) VALUES ('6', 'Russia', 'Moscow', '125468', 'Lenina', '321', '32', '6');
INSERT INTO `g_shop`.`address` (`id`, `country`, `city`, `post_index`, `street`, `house`, `apartment`, `user_id`) VALUES ('7', 'Russia', 'Moscow', '125468', 'Lenina', '15', '3', '7');
INSERT INTO `g_shop`.`address` (`id`, `country`, `city`, `post_index`, `street`, `house`, `apartment`, `user_id`) VALUES ('8', 'Russia', 'Moscow', '125468', 'Lenina', '167', '5', '8');
INSERT INTO `g_shop`.`address` (`id`, `country`, `city`, `post_index`, `street`, `house`, `apartment`, `user_id`) VALUES ('9', 'Russia', 'Moscow', '125468', 'Komsomolskaya', '23', '7', '9');
INSERT INTO `g_shop`.`address` (`id`, `country`, `city`, `post_index`, `street`, `house`, `apartment`, `user_id`) VALUES ('10', 'Russia', 'Novosibirsk', '123654', 'Komsomolskaya', '14', '98', '10');
INSERT INTO `g_shop`.`address` (`id`, `country`, `city`, `post_index`, `street`, `house`, `apartment`, `user_id`) VALUES ('11', 'Russia', 'Novosibirsk', '123654', 'Komsomolskaya', '456', '86', '11');
INSERT INTO `g_shop`.`address` (`id`, `country`, `city`, `post_index`, `street`, `house`, `apartment`, `user_id`) VALUES ('12', 'Russia', 'Novosibirsk', '123654', 'Lenina', '258', '45', '12');
INSERT INTO `g_shop`.`address` (`id`, `country`, `city`, `post_index`, `street`, `house`, `apartment`, `user_id`) VALUES ('13', 'Russia', 'Novosibirsk', '123654', 'Komsomolskaya', '159', '654', '13');
INSERT INTO `g_shop`.`address` (`id`, `country`, `city`, `post_index`, `street`, `house`, `apartment`, `user_id`) VALUES ('14', 'Russia', 'Novosibirsk', '123654', 'Lenina', '753', '325', '14');
INSERT INTO `g_shop`.`address` (`id`, `country`, `city`, `post_index`, `street`, `house`, `apartment`, `user_id`) VALUES ('15', 'Russia', 'Saint-Petersburg', '191119', 'Ligovsky prospekt', '658', '125', '15');
INSERT INTO `g_shop`.`order` (`id`, `user_id`, `address_id`, `payment_method`, `delivery_method`, `payment_status`, `order_status`, `order_date`, `total_cost`) VALUES ('1', '2', '2', 'CREDIT CARD', 'DHL', 'PAID', 'DELIVERED', '2019-03-01', '2500');
INSERT INTO `g_shop`.`order` (`id`, `user_id`, `address_id`, `payment_method`, `delivery_method`, `payment_status`, `order_status`, `order_date`, `total_cost`) VALUES ('2', '2', '2', 'CREDIT CARD', 'DHL', 'PAID', 'DELIVERED', '2019-03-01', '2500');
INSERT INTO `g_shop`.`order` (`id`, `user_id`, `address_id`, `payment_method`, `delivery_method`, `payment_status`, `order_status`, `order_date`, `total_cost`) VALUES ('3', '2', '2', 'CREDIT CARD', 'DHL', 'PAID', 'DELIVERED', '2019-03-01', '2500');
INSERT INTO `g_shop`.`order` (`id`, `user_id`, `address_id`, `payment_method`, `delivery_method`, `payment_status`, `order_status`, `order_date`, `total_cost`) VALUES ('4', '3', '3', 'CREDIT CARD', 'DHL', 'PAID', 'DELIVERED', '2019-03-02', '2500');
INSERT INTO `g_shop`.`order` (`id`, `user_id`, `address_id`, `payment_method`, `delivery_method`, `payment_status`, `order_status`, `order_date`, `total_cost`) VALUES ('5', '3', '3', 'CREDIT CARD', 'DHL', 'PAID', 'DELIVERED', '2019-03-02', '2500');
INSERT INTO `g_shop`.`order` (`id`, `user_id`, `address_id`, `payment_method`, `delivery_method`, `payment_status`, `order_status`, `order_date`, `total_cost`) VALUES ('6', '4', '4', 'CREDIT CARD', 'DHL', 'PAID', 'DELIVERED', '2019-03-02', '2500');
INSERT INTO `g_shop`.`order` (`id`, `user_id`, `address_id`, `payment_method`, `delivery_method`, `payment_status`, `order_status`, `order_date`, `total_cost`) VALUES ('7', '5', '5', 'CREDIT CARD', 'DHL', 'PAID', 'DELIVERED', '2019-03-03', '2500');
INSERT INTO `g_shop`.`order` (`id`, `user_id`, `address_id`, `payment_method`, `delivery_method`, `payment_status`, `order_status`, `order_date`, `total_cost`) VALUES ('8', '5', '5', 'CREDIT CARD', 'DHL', 'PAID', 'DELIVERED', '2019-03-03', '2500');
INSERT INTO `g_shop`.`order` (`id`, `user_id`, `address_id`, `payment_method`, `delivery_method`, `payment_status`, `order_status`, `order_date`, `total_cost`) VALUES ('9', '5', '5', 'CREDIT CARD', 'DHL', 'PAID', 'DELIVERED', '2019-03-03', '2500');
INSERT INTO `g_shop`.`order` (`id`, `user_id`, `address_id`, `payment_method`, `delivery_method`, `payment_status`, `order_status`, `order_date`, `total_cost`) VALUES ('10', '6', '6', 'CREDIT CARD', 'DHL', 'PAID', 'DELIVERED', '2019-03-04', '2500');
INSERT INTO `g_shop`.`order` (`id`, `user_id`, `address_id`, `payment_method`, `delivery_method`, `payment_status`, `order_status`, `order_date`, `total_cost`) VALUES ('11', '6', '6', 'CREDIT CARD', 'DHL', 'PAID', 'DELIVERED', '2019-03-04', '2000');
INSERT INTO `g_shop`.`order` (`id`, `user_id`, `address_id`, `payment_method`, `delivery_method`, `payment_status`, `order_status`, `order_date`, `total_cost`) VALUES ('12', '7', '7', 'CREDIT CARD', 'DHL', 'PAID', 'WAITING FOR SHIPMENT', '2019-03-04', '2000');
INSERT INTO `g_shop`.`order` (`id`, `user_id`, `address_id`, `payment_method`, `delivery_method`, `payment_status`, `order_status`, `order_date`, `total_cost`) VALUES ('13', '7', '7', 'CREDIT CARD', 'DHL', 'PAID', 'WAITING FOR SHIPMENT', '2019-03-04', '2000');
INSERT INTO `g_shop`.`order` (`id`, `user_id`, `address_id`, `payment_method`, `delivery_method`, `payment_status`, `order_status`, `order_date`, `total_cost`) VALUES ('14', '8', '8', 'CREDIT CARD', 'DHL', 'PAID', 'WAITING FOR SHIPMENT', '2019-03-05', '2000');
INSERT INTO `g_shop`.`order` (`id`, `user_id`, `address_id`, `payment_method`, `delivery_method`, `payment_status`, `order_status`, `order_date`, `total_cost`) VALUES ('15', '9', '9', 'CREDIT CARD', 'DHL', 'PAID', 'WAITING FOR SHIPMENT', '2019-03-05', '2000');
INSERT INTO `g_shop`.`order` (`id`, `user_id`, `address_id`, `payment_method`, `delivery_method`, `payment_status`, `order_status`, `order_date`, `total_cost`) VALUES ('16', '10', '10', 'CASH', 'DHL', 'AWAITING PAYMENT', 'WAITING FOR SHIPMENT', '2019-03-05', '2000');
INSERT INTO `g_shop`.`order` (`id`, `user_id`, `address_id`, `payment_method`, `delivery_method`, `payment_status`, `order_status`, `order_date`, `total_cost`) VALUES ('17', '10', '10', 'CASH', 'DHL', 'AWAITING PAYMENT', 'WAITING FOR SHIPMENT', '2019-03-08', '2000');
INSERT INTO `g_shop`.`order` (`id`, `user_id`, `address_id`, `payment_method`, `delivery_method`, `payment_status`, `order_status`, `order_date`, `total_cost`) VALUES ('18', '11', '11', 'CASH', 'DHL', 'AWAITING PAYMENT', 'WAITING FOR SHIPMENT', '2019-03-09', '2000');
INSERT INTO `g_shop`.`order` (`id`, `user_id`, `address_id`, `payment_method`, `delivery_method`, `payment_status`, `order_status`, `order_date`, `total_cost`) VALUES ('19', '11', '11', 'CASH', 'DHL', 'AWAITING PAYMENT', 'WAITING FOR SHIPMENT', '2019-03-15', '2000');
INSERT INTO `g_shop`.`order` (`id`, `user_id`, `address_id`, `payment_method`, `delivery_method`, `payment_status`, `order_status`, `order_date`, `total_cost`) VALUES ('20', '11', '11', 'CASH', 'DHL', 'AWAITING PAYMENT', 'WAITING FOR SHIPMENT', '2019-03-15', '2000');
INSERT INTO `g_shop`.`order` (`id`, `user_id`, `address_id`, `payment_method`, `delivery_method`, `payment_status`, `order_status`, `order_date`, `total_cost`) VALUES ('21', '11', '11', 'CASH', 'DHL', 'AWAITING PAYMENT', 'WAITING FOR SHIPMENT', '2019-03-15', '1000');
INSERT INTO `g_shop`.`order` (`id`, `user_id`, `address_id`, `payment_method`, `delivery_method`, `payment_status`, `order_status`, `order_date`, `total_cost`) VALUES ('22', '12', '12', 'CASH', 'DHL', 'AWAITING PAYMENT', 'WAITING FOR SHIPMENT', '2019-03-16', '1000');
INSERT INTO `g_shop`.`order` (`id`, `user_id`, `address_id`, `payment_method`, `delivery_method`, `payment_status`, `order_status`, `order_date`, `total_cost`) VALUES ('23', '12', '12', 'CASH', 'DHL', 'AWAITING PAYMENT', 'WAITING FOR SHIPMENT', '2019-03-16', '1000');
INSERT INTO `g_shop`.`order` (`id`, `user_id`, `address_id`, `payment_method`, `delivery_method`, `payment_status`, `order_status`, `order_date`, `total_cost`) VALUES ('24', '12', '12', 'CASH', 'DHL', 'AWAITING PAYMENT', 'WAITING FOR SHIPMENT', '2019-03-21', '1000');
INSERT INTO `g_shop`.`order` (`id`, `user_id`, `address_id`, `payment_method`, `delivery_method`, `payment_status`, `order_status`, `order_date`, `total_cost`) VALUES ('25', '13', '13', 'CASH', 'DHL', 'AWAITING PAYMENT', 'WAITING FOR SHIPMENT', '2019-03-21', '1000');
INSERT INTO `g_shop`.`order` (`id`, `user_id`, `address_id`, `payment_method`, `delivery_method`, `payment_status`, `order_status`, `order_date`, `total_cost`) VALUES ('26', '13', '13', 'CASH', 'DHL', 'AWAITING PAYMENT', 'WAITING FOR SHIPMENT', '2019-03-21', '1000');
INSERT INTO `g_shop`.`order` (`id`, `user_id`, `address_id`, `payment_method`, `delivery_method`, `payment_status`, `order_status`, `order_date`, `total_cost`) VALUES ('27', '13', '13', 'CASH', 'DHL', 'AWAITING PAYMENT', 'WAITING FOR SHIPMENT', '2019-03-21', '1000');
INSERT INTO `g_shop`.`order` (`id`, `user_id`, `address_id`, `payment_method`, `delivery_method`, `payment_status`, `order_status`, `order_date`, `total_cost`) VALUES ('28', '14', '14', 'CASH', 'DHL', 'AWAITING PAYMENT', 'WAITING FOR SHIPMENT', '2019-03-21', '1000');
INSERT INTO `g_shop`.`order` (`id`, `user_id`, `address_id`, `payment_method`, `delivery_method`, `payment_status`, `order_status`, `order_date`, `total_cost`) VALUES ('29', '14', '14', 'CASH', 'DHL', 'AWAITING PAYMENT', 'WAITING FOR SHIPMENT', '2019-03-25', '1000');
INSERT INTO `g_shop`.`order` (`id`, `user_id`, `address_id`, `payment_method`, `delivery_method`, `payment_status`, `order_status`, `order_date`, `total_cost`) VALUES ('30', '15', '15', 'CASH', 'DHL', 'AWAITING PAYMENT', 'WAITING FOR SHIPMENT', '2019-03-25', '1000');
INSERT INTO `g_shop`.`product_order` (`id`, `order_id`, `product_id`, `quantity`) VALUES ('1', '1', '6', '1');
INSERT INTO `g_shop`.`product_order` (`id`, `order_id`, `product_id`, `quantity`) VALUES ('2', '2', '6', '1');
INSERT INTO `g_shop`.`product_order` (`id`, `order_id`, `product_id`, `quantity`) VALUES ('3', '3', '6', '1');
INSERT INTO `g_shop`.`product_order` (`id`, `order_id`, `product_id`, `quantity`) VALUES ('4', '4', '6', '1');
INSERT INTO `g_shop`.`product_order` (`id`, `order_id`, `product_id`, `quantity`) VALUES ('5', '5', '6', '1');
INSERT INTO `g_shop`.`product_order` (`id`, `order_id`, `product_id`, `quantity`) VALUES ('6', '6', '2', '1');
INSERT INTO `g_shop`.`product_order` (`id`, `order_id`, `product_id`, `quantity`) VALUES ('7', '6', '7', '1');
INSERT INTO `g_shop`.`product_order` (`id`, `order_id`, `product_id`, `quantity`) VALUES ('8', '7', '2', '1');
INSERT INTO `g_shop`.`product_order` (`id`, `order_id`, `product_id`, `quantity`) VALUES ('9', '7', '7', '1');
INSERT INTO `g_shop`.`product_order` (`id`, `order_id`, `product_id`, `quantity`) VALUES ('10', '8', '2', '1');
INSERT INTO `g_shop`.`product_order` (`id`, `order_id`, `product_id`, `quantity`) VALUES ('11', '8', '7', '1');
INSERT INTO `g_shop`.`product_order` (`id`, `order_id`, `product_id`, `quantity`) VALUES ('12', '9', '2', '1');
INSERT INTO `g_shop`.`product_order` (`id`, `order_id`, `product_id`, `quantity`) VALUES ('13', '9', '7', '1');
INSERT INTO `g_shop`.`product_order` (`id`, `order_id`, `product_id`, `quantity`) VALUES ('14', '10', '2', '1');
INSERT INTO `g_shop`.`product_order` (`id`, `order_id`, `product_id`, `quantity`) VALUES ('15', '10', '7', '1');
INSERT INTO `g_shop`.`product_order` (`id`, `order_id`, `product_id`, `quantity`) VALUES ('16', '11', '1', '1');
INSERT INTO `g_shop`.`product_order` (`id`, `order_id`, `product_id`, `quantity`) VALUES ('17', '12', '1', '1');
INSERT INTO `g_shop`.`product_order` (`id`, `order_id`, `product_id`, `quantity`) VALUES ('18', '13', '1', '1');
INSERT INTO `g_shop`.`product_order` (`id`, `order_id`, `product_id`, `quantity`) VALUES ('19', '14', '1', '1');
INSERT INTO `g_shop`.`product_order` (`id`, `order_id`, `product_id`, `quantity`) VALUES ('20', '15', '1', '1');
INSERT INTO `g_shop`.`product_order` (`id`, `order_id`, `product_id`, `quantity`) VALUES ('21', '16', '3', '1');
INSERT INTO `g_shop`.`product_order` (`id`, `order_id`, `product_id`, `quantity`) VALUES ('22', '17', '3', '1');
INSERT INTO `g_shop`.`product_order` (`id`, `order_id`, `product_id`, `quantity`) VALUES ('23', '18', '3', '1');
INSERT INTO `g_shop`.`product_order` (`id`, `order_id`, `product_id`, `quantity`) VALUES ('24', '19', '3', '1');
INSERT INTO `g_shop`.`product_order` (`id`, `order_id`, `product_id`, `quantity`) VALUES ('25', '20', '3', '1');
INSERT INTO `g_shop`.`product_order` (`id`, `order_id`, `product_id`, `quantity`) VALUES ('26', '21', '8', '1');
INSERT INTO `g_shop`.`product_order` (`id`, `order_id`, `product_id`, `quantity`) VALUES ('27', '22', '8', '1');
INSERT INTO `g_shop`.`product_order` (`id`, `order_id`, `product_id`, `quantity`) VALUES ('28', '23', '8', '1');
INSERT INTO `g_shop`.`product_order` (`id`, `order_id`, `product_id`, `quantity`) VALUES ('29', '24', '8', '1');
INSERT INTO `g_shop`.`product_order` (`id`, `order_id`, `product_id`, `quantity`) VALUES ('30', '25', '8', '1');
INSERT INTO `g_shop`.`product_order` (`id`, `order_id`, `product_id`, `quantity`) VALUES ('31', '26', '9', '1');
INSERT INTO `g_shop`.`product_order` (`id`, `order_id`, `product_id`, `quantity`) VALUES ('32', '27', '9', '1');
INSERT INTO `g_shop`.`product_order` (`id`, `order_id`, `product_id`, `quantity`) VALUES ('33', '28', '9', '1');
INSERT INTO `g_shop`.`product_order` (`id`, `order_id`, `product_id`, `quantity`) VALUES ('34', '29', '9', '1');
INSERT INTO `g_shop`.`product_order` (`id`, `order_id`, `product_id`, `quantity`) VALUES ('35', '30', '9', '1');

